{
  "project_info": {
    "project_number": "666243277198",
    "firebase_url": "https://notify-a47e3-default-rtdb.firebaseio.com",
    "project_id": "notify-a47e3",
    "storage_bucket": "notify-a47e3.appspot.com"
  },
  "client": [
    {
      "client_info": {
        "mobilesdk_app_id": "1:666243277198:android:d90cffcf12ee4b324b04df",
        "android_client_info": {
          "package_name": "com.example.notify"
        }
      },
      "oauth_client": [
        {
          "client_id": "666243277198-4fo6lbp9gffdnkut6nnhnnqr96qtep6i.apps.googleusercontent.com",
          "client_type": 1,
          "android_info": {
            "package_name": "com.example.notify",
            "certificate_hash": "d573bf074bb739f17146c94f4df3dcd218e8f8eb"
          }
        },
        {
          "client_id": "666243277198-pvi60usgheh0vcb0lk7ovqu8aedg5aka.apps.googleusercontent.com",
          "client_type": 3
        }
      ],
      "api_key": [
        {
          "current_key": "AIzaSyDox-q3FxujMZV29pJW3qgJ6ex69QqZdJc"
        }
      ],
      "services": {
        "appinvite_service": {
          "other_platform_oauth_client": [
            {
              "client_id": "666243277198-9qm9snva77m78v9vtmjnipfs3bhi8uij.apps.googleusercontent.com",
              "client_type": 3
            }
          ]
        }
      }
    }
  ],
  "configuration_version": "1"
}